  Yr, Mn,    Date,      Date,     CO2,seasonally,        fit,  seasonally,CO2, seasonally
1958,3,21259,1958.2027,315.7,314.44,316.18,314.9,315.7,314.44
1958,4,21290,1958.2877,317.45,315.16,317.29,314.98,317.45,315.16
1958,5,21320,1958.3699,317.51,314.71,317.86,315.06,317.51,314.71
1958,6,21351,1958.4548,-99.99,-99.99,317.24,315.14,317.24,315.14
1958,7,21381,1958.537,315.86,315.19,315.86,315.21,315.86,315.19
1958,8,21412,1958.6219,314.93,316.19,313.99,315.28,314.93,316.19
1958,9,21443,1958.7068,313.21,316.08,312.45,315.35,313.21,316.08
1958,10,21473,1958.789,-99.99,-99.99,312.43,315.4,312.43,315.4
1958,11,21504,1958.874,313.33,315.2,313.61,315.46,313.33,315.2
1958,12,21534,1958.9562,314.67,315.43,314.76,315.51,314.67,315.43
1959,1,21565,1959.0411,315.58,315.54,315.62,315.57,315.58,315.54
1959,2,21596,1959.126,316.49,315.86,316.26,315.63,316.49,315.86
1959,3,21624,1959.2027,316.65,315.38,316.97,315.69,316.65,315.38
1959,4,21655,1959.2877,317.72,315.42,318.08,315.76,317.72,315.42
1959,5,21685,1959.3699,318.29,315.49,318.65,315.84,318.29,315.49
1959,6,21716,1959.4548,318.15,316.03,318.04,315.93,318.15,316.03
1959,7,21746,1959.537,316.54,315.86,316.67,316.02,316.54,315.86
1959,8,21777,1959.6219,314.8,316.06,314.82,316.12,314.8,316.06
1959,9,21808,1959.7068,313.84,316.73,313.31,316.21,313.84,316.73
1959,10,21838,1959.789,313.33,316.33,313.32,316.3,313.33,316.33
1959,11,21869,1959.874,314.81,316.68,314.54,316.39,314.81,316.68
1959,12,21899,1959.9562,315.58,316.35,315.72,316.47,315.58,316.35
1960,1,21930,1960.041,316.43,316.39,316.61,316.55,316.43,316.39
1960,2,21961,1960.1257,316.98,316.35,317.27,316.64,316.98,316.35
1960,3,21990,1960.2049,317.58,316.28,318.02,316.71,317.58,316.28
1960,4,22021,1960.2896,319.03,316.7,319.14,316.79,319.03,316.7
1960,5,22051,1960.3716,320.04,317.22,319.68,316.86,320.04,317.22
1960,6,22082,1960.4563,319.58,317.48,319.01,316.92,319.58,317.48
1960,7,22112,1960.5383,318.18,317.52,317.6,316.97,318.18,317.52
1960,8,22143,1960.623,315.9,317.2,315.68,317.01,315.9,317.2
1960,9,22174,1960.7077,314.17,317.08,314.12,317.04,314.17,317.08
1960,10,22204,1960.7896,313.83,316.83,314.08,317.07,313.83,316.83
1960,11,22235,1960.8743,315,316.88,315.25,317.1,315,316.88
1960,12,22265,1960.9563,316.19,316.96,316.39,317.15,316.19,316.96
1961,1,22296,1961.0411,316.9,316.85,317.25,317.2,316.9,316.85
1961,2,22327,1961.126,317.7,317.07,317.9,317.26,317.7,317.07
1961,3,22355,1961.2027,318.54,317.26,318.62,317.33,318.54,317.26
1961,4,22386,1961.2877,319.48,317.16,319.75,317.41,319.48,317.16
1961,5,22416,1961.3699,320.58,317.76,320.32,317.5,320.58,317.76
1961,6,22447,1961.4548,319.77,317.63,319.71,317.59,319.77,317.63
1961,7,22477,1961.537,318.57,317.88,318.33,317.67,318.57,317.88
1961,8,22508,1961.6219,316.79,318.06,316.45,317.76,316.79,318.06
1961,9,22539,1961.7068,314.99,317.9,314.92,317.84,314.99,317.9
1961,10,22569,1961.789,315.31,318.32,314.92,317.92,315.31,318.32
1961,11,22600,1961.874,316.1,317.99,316.12,317.99,316.1,317.99
1961,12,22630,1961.9562,317.01,317.78,317.3,318.05,317.01,317.78
1962,1,22661,1962.0411,317.94,317.9,318.18,318.12,317.94,317.9
1962,2,22692,1962.126,318.55,317.92,318.83,318.19,318.55,317.92
1962,3,22720,1962.2027,319.68,318.4,319.55,318.25,319.68,318.4
1962,4,22751,1962.2877,320.57,318.24,320.66,318.32,320.57,318.24
1962,5,22781,1962.3699,321.02,318.18,321.22,318.38,321.02,318.18
1962,6,22812,1962.4548,320.62,318.47,320.57,318.45,320.62,318.47
1962,7,22842,1962.537,319.61,318.93,319.16,318.5,319.61,318.93
1962,8,22873,1962.6219,317.4,318.68,317.24,318.55,317.4,318.68
1962,9,22904,1962.7068,316.25,319.17,315.66,318.6,316.25,319.17
1962,10,22934,1962.789,315.42,318.44,315.62,318.64,315.42,318.44
1962,11,22965,1962.874,316.69,318.58,316.8,318.68,316.69,318.58
1962,12,22995,1962.9562,317.7,318.47,317.96,318.72,317.7,318.47
1963,1,23026,1963.0411,318.74,318.7,318.81,318.76,318.74,318.7
1963,2,23057,1963.126,319.07,318.43,319.45,318.81,319.07,318.43
1963,3,23085,1963.2027,319.86,318.57,320.15,318.85,319.86,318.57
1963,4,23116,1963.2877,321.38,319.05,321.26,318.91,321.38,319.05
1963,5,23146,1963.3699,322.25,319.4,321.8,318.96,322.25,319.4
1963,6,23177,1963.4548,321.48,319.33,321.14,319.01,321.48,319.33
1963,7,23207,1963.537,319.74,319.06,319.71,319.05,319.74,319.06
1963,8,23238,1963.6219,317.77,319.05,317.78,319.1,317.77,319.05
1963,9,23269,1963.7068,316.21,319.14,316.19,319.14,316.21,319.14
1963,10,23299,1963.789,315.99,319.02,316.16,319.18,315.99,319.02
1963,11,23330,1963.874,317.07,318.97,317.34,319.22,317.07,318.97
1963,12,23360,1963.9562,318.35,319.13,318.51,319.27,318.35,319.13
1964,1,23391,1964.041,319.57,319.53,319.37,319.31,319.57,319.53
1964,2,23422,1964.1257,-99.99,-99.99,320,319.36,320,319.36
1964,3,23451,1964.2049,-99.99,-99.99,320.73,319.4,320.73,319.4
1964,4,23482,1964.2896,-99.99,-99.99,321.83,319.45,321.83,319.45
1964,5,23512,1964.3716,322.26,319.4,322.34,319.49,322.26,319.4
1964,6,23543,1964.4563,321.89,319.75,321.64,319.52,321.89,319.75
1964,7,23573,1964.5383,320.44,319.78,320.18,319.55,320.44,319.78
1964,8,23604,1964.623,318.69,320.01,318.23,319.58,318.69,320.01
1964,9,23635,1964.7077,316.7,319.66,316.63,319.6,316.7,319.66
1964,10,23665,1964.7896,316.87,319.91,316.59,319.62,316.87,319.91
1964,11,23696,1964.8743,317.68,319.58,317.75,319.63,317.68,319.58
1964,12,23726,1964.9563,318.71,319.49,318.89,319.65,318.71,319.49
1965,1,23757,1965.0411,319.44,319.4,319.73,319.68,319.44,319.4
1965,2,23788,1965.126,320.44,319.81,320.37,319.72,320.44,319.81
1965,3,23816,1965.2027,320.89,319.59,321.08,319.77,320.89,319.59
1965,4,23847,1965.2877,322.14,319.78,322.2,319.83,322.14,319.78
1965,5,23877,1965.3699,322.17,319.3,322.77,319.9,322.17,319.3
1965,6,23908,1965.4548,321.87,319.7,322.15,320,321.87,319.7
1965,7,23938,1965.537,321.21,320.52,320.76,320.1,321.21,320.52
1965,8,23969,1965.6219,318.87,320.16,318.88,320.21,318.87,320.16
1965,9,24000,1965.7068,317.81,320.77,317.35,320.32,317.81,320.77
1965,10,24030,1965.789,317.3,320.36,317.39,320.43,317.3,320.36
1965,11,24061,1965.874,318.87,320.78,318.65,320.55,318.87,320.78
1965,12,24091,1965.9562,319.42,320.2,319.89,320.66,319.42,320.2
1966,1,24122,1966.0411,320.62,320.58,320.84,320.78,320.62,320.58
1966,2,24153,1966.126,321.6,320.95,321.55,320.9,321.6,320.95
1966,3,24181,1966.2027,322.39,321.09,322.32,321.01,322.39,321.09
1966,4,24212,1966.2877,323.7,321.34,323.5,321.12,323.7,321.34
1966,5,24242,1966.3699,324.08,321.2,324.1,321.22,324.08,321.2
1966,6,24273,1966.4548,323.75,321.57,323.47,321.32,323.75,321.57
1966,7,24303,1966.537,322.38,321.69,322.06,321.4,322.38,321.69
1966,8,24334,1966.6219,320.36,321.66,320.15,321.48,320.36,321.66
1966,9,24365,1966.7068,318.64,321.6,318.57,321.55,318.64,321.6
1966,10,24395,1966.789,318.1,321.17,318.56,321.62,318.1,321.17
1966,11,24426,1966.874,319.78,321.7,319.78,321.68,319.78,321.7
1966,12,24456,1966.9562,321.03,321.81,320.97,321.74,321.03,321.81
1967,1,24487,1967.0411,322.33,322.29,321.85,321.8,322.33,322.29
1967,2,24518,1967.126,322.5,321.85,322.51,321.85,322.5,321.85
1967,3,24546,1967.2027,323.04,321.73,323.22,321.9,323.04,321.73
1967,4,24577,1967.2877,324.42,322.05,324.34,321.96,324.42,322.05
1967,5,24607,1967.3699,325,322.11,324.9,322.01,325,322.11
1967,6,24638,1967.4548,324.09,321.91,324.24,322.07,324.09,321.91
1967,7,24668,1967.537,322.54,321.85,322.8,322.13,322.54,321.85
1967,8,24699,1967.6219,320.92,322.22,320.87,322.2,320.92,322.22
1967,9,24730,1967.7068,319.25,322.23,319.28,322.27,319.25,322.23
1967,10,24760,1967.789,319.39,322.47,319.28,322.34,319.39,322.47
1967,11,24791,1967.874,320.73,322.65,320.51,322.42,320.73,322.65
1967,12,24821,1967.9562,321.96,322.74,321.72,322.49,321.96,322.74
1968,1,24852,1968.041,322.57,322.53,322.62,322.57,322.57,322.53
1968,2,24883,1968.1257,323.15,322.5,323.3,322.65,323.15,322.5
1968,3,24912,1968.2049,323.89,322.55,324.08,322.73,323.89,322.55
1968,4,24943,1968.2896,325.02,322.62,325.24,322.82,325.02,322.62
1968,5,24973,1968.3716,325.57,322.68,325.81,322.92,325.57,322.68
1968,6,25004,1968.4563,325.36,323.19,325.18,323.03,325.36,323.19
1968,7,25034,1968.5383,324.14,323.47,323.78,323.13,324.14,323.47
1968,8,25065,1968.623,322.11,323.44,321.88,323.25,322.11,323.44
1968,9,25096,1968.7077,320.33,323.32,320.36,323.37,320.33,323.32
1968,10,25126,1968.7896,320.25,323.33,320.41,323.48,320.25,323.33
1968,11,25157,1968.8743,321.32,323.25,321.71,323.61,321.32,323.25
1968,12,25187,1968.9563,322.89,323.68,322.97,323.74,322.89,323.68
1969,1,25218,1969.0411,324,323.96,323.94,323.88,324,323.96
1969,2,25249,1969.126,324.41,323.77,324.68,324.03,324.41,323.77
1969,3,25277,1969.2027,325.63,324.32,325.49,324.16,325.63,324.32
1969,4,25308,1969.2877,326.66,324.28,326.7,324.3,326.66,324.28
1969,5,25338,1969.3699,327.38,324.48,327.34,324.44,327.38,324.48
1969,6,25369,1969.4548,326.71,324.51,326.75,324.57,326.71,324.51
1969,7,25399,1969.537,325.88,325.18,325.36,324.69,325.88,325.18
1969,8,25430,1969.6219,323.66,324.97,323.46,324.8,323.66,324.97
1969,9,25461,1969.7068,322.38,325.37,321.89,324.9,322.38,325.37
1969,10,25491,1969.789,321.78,324.88,321.9,324.99,321.78,324.88
1969,11,25522,1969.874,322.85,324.79,323.16,325.07,322.85,324.79
1969,12,25552,1969.9562,324.12,324.91,324.38,325.15,324.12,324.91
1970,1,25583,1970.0411,325.06,325.02,325.29,325.24,325.06,325.02
1970,2,25614,1970.126,325.98,325.33,325.98,325.32,325.98,325.33
1970,3,25642,1970.2027,326.93,325.61,326.73,325.39,326.93,325.61
1970,4,25673,1970.2877,328.13,325.74,327.88,325.47,328.13,325.74
1970,5,25703,1970.3699,328.08,325.16,328.47,325.55,328.08,325.16
1970,6,25734,1970.4548,327.67,325.46,327.81,325.63,327.67,325.46
1970,7,25764,1970.537,326.34,325.64,326.37,325.7,326.34,325.64
1970,8,25795,1970.6219,324.69,326,324.42,325.77,324.69,326
1970,9,25826,1970.7068,323.1,326.1,322.81,325.83,323.1,326.1
1970,10,25856,1970.789,323.06,326.18,322.78,325.88,323.06,326.18
1970,11,25887,1970.874,324.01,325.95,324,325.93,324.01,325.95
1970,12,25917,1970.9562,325.13,325.93,325.19,325.97,325.13,325.93
1971,1,25948,1971.0411,326.17,326.13,326.06,326,326.17,326.13
1971,2,25979,1971.126,326.68,326.03,326.71,326.04,326.68,326.03
1971,3,26007,1971.2027,327.17,325.85,327.42,326.08,327.17,325.85
1971,4,26038,1971.2877,327.79,325.38,328.55,326.13,327.79,325.38
1971,5,26068,1971.3699,328.93,326,329.12,326.19,328.93,326
1971,6,26099,1971.4548,328.57,326.36,328.45,326.26,328.57,326.36
1971,7,26129,1971.537,327.36,326.65,327,326.33,327.36,326.65
1971,8,26160,1971.6219,325.43,326.75,325.05,326.4,325.43,326.75
1971,9,26191,1971.7068,323.36,326.37,323.44,326.47,323.36,326.37
1971,10,26221,1971.789,323.56,326.68,323.43,326.54,323.56,326.68
1971,11,26252,1971.874,324.8,326.75,324.69,326.62,324.8,326.75
1971,12,26282,1971.9562,326.01,326.81,325.91,326.69,326.01,326.81
1972,1,26313,1972.041,326.77,326.73,326.83,326.78,326.77,326.73
1972,2,26344,1972.1257,327.63,326.98,327.54,326.87,327.63,326.98
1972,3,26373,1972.2049,327.75,326.4,328.34,326.97,327.75,326.4
1972,4,26404,1972.2896,329.72,327.29,329.54,327.09,329.72,327.29
1972,5,26434,1972.3716,330.07,327.13,330.16,327.22,330.07,327.13
1972,6,26465,1972.4563,329.09,326.89,329.55,327.37,329.09,326.89
1972,7,26495,1972.5383,328.04,327.36,328.18,327.53,328.04,327.36
1972,8,26526,1972.623,326.32,327.67,326.33,327.71,326.32,327.67
1972,9,26557,1972.7077,324.84,327.87,324.86,327.91,324.84,327.87
1972,10,26587,1972.7896,325.2,328.33,324.99,328.1,325.2,328.33
1972,11,26618,1972.8743,326.5,328.45,326.37,328.3,326.5,328.45
1972,12,26648,1972.9563,327.55,328.35,327.72,328.5,327.55,328.35
1973,1,26679,1973.0411,328.55,328.5,328.77,328.71,328.55,328.5
1973,2,26710,1973.126,329.56,328.9,329.59,328.92,329.56,328.9
1973,3,26738,1973.2027,330.3,328.97,330.45,329.1,330.3,328.97
1973,4,26769,1973.2877,331.5,329.08,331.73,329.3,331.5,329.08
1973,5,26799,1973.3699,332.48,329.53,332.42,329.47,332.48,329.53
1973,6,26830,1973.4548,332.07,329.84,331.84,329.63,332.07,329.84
1973,7,26860,1973.537,330.87,330.16,330.45,329.77,330.87,330.16
1973,8,26891,1973.6219,329.31,330.64,328.51,329.87,329.31,330.64
1973,9,26922,1973.7068,327.51,330.55,326.9,329.95,327.51,330.55
1973,10,26952,1973.789,327.18,330.32,326.88,330.01,327.18,330.32
1973,11,26983,1973.874,328.16,330.13,328.1,330.04,328.16,330.13
1973,12,27013,1973.9562,328.64,329.44,329.28,330.06,328.64,329.44
1974,1,27044,1974.0411,329.35,329.31,330.14,330.09,329.35,329.31
1974,2,27075,1974.126,330.71,330.05,330.78,330.11,330.71,330.05
1974,3,27103,1974.2027,331.48,330.14,331.49,330.14,331.48,330.14
1974,4,27134,1974.2877,332.65,330.22,332.62,330.18,332.65,330.22
1974,5,27164,1974.3699,333.09,330.13,333.17,330.21,333.09,330.13
1974,6,27195,1974.4548,332.25,330.01,332.48,330.26,332.25,330.01
1974,7,27225,1974.537,331.18,330.46,330.99,330.31,331.18,330.46
1974,8,27256,1974.6219,329.39,330.73,328.99,330.36,329.39,330.73
1974,9,27287,1974.7068,327.43,330.48,327.35,330.41,327.43,330.48
1974,10,27317,1974.789,327.37,330.52,327.32,330.46,327.37,330.52
1974,11,27348,1974.874,328.46,330.43,328.57,330.52,328.46,330.43
1974,12,27378,1974.9562,329.57,330.38,329.79,330.58,329.57,330.38
1975,1,27409,1975.0411,330.4,330.36,330.71,330.65,330.4,330.36
1975,2,27440,1975.126,331.4,330.74,331.4,330.73,331.4,330.74
1975,3,27468,1975.2027,332.04,330.69,332.17,330.81,332.04,330.69
1975,4,27499,1975.2877,333.31,330.87,333.36,330.91,333.31,330.87
1975,5,27529,1975.3699,333.97,331,333.97,331,333.97,331
1975,6,27560,1975.4548,333.6,331.36,333.32,331.1,333.6,331.36
1975,7,27590,1975.537,331.9,331.19,331.88,331.2,331.9,331.19
1975,8,27621,1975.6219,330.06,331.39,329.92,331.29,330.06,331.39
1975,9,27652,1975.7068,328.56,331.61,328.31,331.38,328.56,331.61
1975,10,27682,1975.789,328.34,331.5,328.32,331.47,328.34,331.5
1975,11,27713,1975.874,329.49,331.47,329.59,331.55,329.49,331.47
1975,12,27743,1975.9562,330.76,331.57,330.84,331.63,330.76,331.57
1976,1,27774,1976.041,331.75,331.7,331.77,331.71,331.75,331.7
1976,2,27805,1976.1257,332.57,331.9,332.46,331.79,332.57,331.9
1976,3,27834,1976.2049,333.5,332.12,333.26,331.87,333.5,332.12
1976,4,27865,1976.2896,334.58,332.12,334.43,331.95,334.58,332.12
1976,5,27895,1976.3716,334.88,331.9,335,332.02,334.88,331.9
1976,6,27926,1976.4563,334.33,332.1,334.32,332.11,334.33,332.1
1976,7,27956,1976.5383,333.05,332.36,332.85,332.19,333.05,332.36
1976,8,27987,1976.623,330.94,332.31,330.88,332.28,330.94,332.31
1976,9,28018,1976.7077,329.3,332.38,329.3,332.39,329.3,332.38
1976,10,28048,1976.7896,328.94,332.11,329.34,332.5,328.94,332.11
1976,11,28079,1976.8743,330.31,332.29,330.67,332.63,330.31,332.29
1976,12,28109,1976.9563,331.68,332.49,331.97,332.77,331.68,332.49
1977,1,28140,1977.0411,332.93,332.88,332.99,332.93,332.93,332.88
1977,2,28171,1977.126,333.42,332.75,333.78,333.1,333.42,332.75
1977,3,28199,1977.2027,334.7,333.35,334.63,333.27,334.7,333.35
1977,4,28230,1977.2877,336.07,333.62,335.92,333.45,336.07,333.62
1977,5,28260,1977.3699,336.75,333.76,336.62,333.63,336.75,333.76
1977,6,28291,1977.4548,336.27,334.01,336.05,333.81,336.27,334.01
1977,7,28321,1977.537,334.92,334.2,334.67,333.98,334.92,334.2
1977,8,28352,1977.6219,332.75,334.1,332.77,334.15,332.75,334.1
1977,9,28383,1977.7068,331.59,334.67,331.22,334.31,331.59,334.67
1977,10,28413,1977.789,331.16,334.35,331.28,334.45,331.16,334.35
1977,11,28444,1977.874,332.4,334.4,332.63,334.6,332.4,334.4
1977,12,28474,1977.9562,333.85,334.66,333.94,334.73,333.85,334.66
1978,1,28505,1978.0411,334.97,334.93,334.93,334.87,334.97,334.93
1978,2,28536,1978.126,335.39,334.72,335.68,335.01,335.39,334.72
1978,3,28564,1978.2027,336.64,335.28,336.5,335.12,336.64,335.28
1978,4,28595,1978.2877,337.76,335.3,337.73,335.25,337.76,335.3
1978,5,28625,1978.3699,338.01,335.02,338.36,335.37,338.01,335.02
1978,6,28656,1978.4548,337.9,335.63,337.73,335.49,337.9,335.63
1978,7,28686,1978.537,336.54,335.82,336.28,335.59,336.54,335.82
1978,8,28717,1978.6219,334.68,336.03,334.31,335.7,334.68,336.03
1978,9,28748,1978.7068,332.76,335.85,332.69,335.79,332.76,335.85
1978,10,28778,1978.789,332.55,335.74,332.7,335.89,332.55,335.74
1978,11,28809,1978.874,333.92,335.92,334.01,335.98,333.92,335.92
1978,12,28839,1978.9562,334.95,335.77,335.28,336.08,334.95,335.77
1979,1,28870,1979.0411,336.23,336.18,336.24,336.19,336.23,336.18
1979,2,28901,1979.126,336.76,336.09,336.98,336.3,336.76,336.09
1979,3,28929,1979.2027,337.96,336.6,337.79,336.41,337.96,336.6
1979,4,28960,1979.2877,338.88,336.41,339.02,336.54,338.88,336.41
1979,5,28990,1979.3699,339.47,336.47,339.67,336.66,339.47,336.47
1979,6,29021,1979.4548,339.29,337.01,339.05,336.8,339.29,337.01
1979,7,29051,1979.537,337.73,337.01,337.63,336.93,337.73,337.01
1979,8,29082,1979.6219,336.09,337.44,335.68,337.07,336.09,337.44
1979,9,29113,1979.7068,333.92,337.01,334.11,337.22,333.92,337.01
1979,10,29143,1979.789,333.86,337.07,334.17,337.36,333.86,337.07
1979,11,29174,1979.874,335.29,337.3,335.54,337.52,335.29,337.3
1979,12,29204,1979.9562,336.73,337.55,336.87,337.68,336.73,337.55
1980,1,29235,1980.041,338.01,337.97,337.9,337.84,338.01,337.97
1980,2,29266,1980.1257,338.36,337.69,338.69,338.01,338.36,337.69
1980,3,29295,1980.2049,340.07,338.68,339.57,338.17,340.07,338.68
1980,4,29326,1980.2896,340.76,338.26,340.85,338.33,340.76,338.26
1980,5,29356,1980.3716,341.47,338.45,341.49,338.48,341.47,338.45
1980,6,29387,1980.4563,341.17,338.91,340.87,338.63,341.17,338.91
1980,7,29417,1980.5383,339.56,338.86,339.43,338.76,339.56,338.86
1980,8,29448,1980.623,337.6,338.99,337.47,338.89,337.6,338.99
1980,9,29479,1980.7077,335.88,339,335.88,339.01,335.88,339
1980,10,29509,1980.7896,336.02,339.23,335.93,339.13,336.02,339.23
1980,11,29540,1980.8743,337.1,339.11,337.25,339.23,337.1,339.11
1980,12,29570,1980.9563,338.21,339.03,338.53,339.34,338.21,339.03
1981,1,29601,1981.0411,339.24,339.19,339.5,339.44,339.24,339.19
1981,2,29632,1981.126,340.48,339.8,340.23,339.54,340.48,339.8
1981,3,29660,1981.2027,341.38,340.01,341.01,339.63,341.38,340.01
1981,4,29691,1981.2877,342.5,340.02,342.22,339.72,342.5,340.02
1981,5,29721,1981.3699,342.91,339.89,342.83,339.8,342.91,339.89
1981,6,29752,1981.4548,342.25,339.96,342.16,339.89,342.25,339.96
1981,7,29782,1981.537,340.49,339.76,340.67,339.97,340.49,339.76
1981,8,29813,1981.6219,338.43,339.8,338.66,340.06,338.43,339.8
1981,9,29844,1981.7068,336.69,339.81,337.03,340.16,336.69,339.81
1981,10,29874,1981.789,336.86,340.08,337.05,340.26,336.86,340.08
1981,11,29905,1981.874,338.36,340.38,338.37,340.37,338.36,340.38
1981,12,29935,1981.9562,339.61,340.44,339.67,340.48,339.61,340.44
1982,1,29966,1982.0411,340.75,340.71,340.65,340.59,340.75,340.71
1982,2,29997,1982.126,341.61,340.94,341.38,340.69,341.61,340.94
1982,3,30025,1982.2027,342.7,341.32,342.17,340.78,342.7,341.32
1982,4,30056,1982.2877,343.57,341.08,343.38,340.87,343.57,341.08
1982,5,30086,1982.3699,344.14,341.1,343.99,340.96,344.14,341.1
1982,6,30117,1982.4548,343.35,341.05,343.31,341.04,343.35,341.05
1982,7,30147,1982.537,342.06,341.32,341.81,341.11,342.06,341.32
1982,8,30178,1982.6219,339.81,341.18,339.79,341.19,339.81,341.18
1982,9,30209,1982.7068,337.98,341.1,338.14,341.28,337.98,341.1
1982,10,30239,1982.789,337.86,341.1,338.15,341.37,337.86,341.1
1982,11,30270,1982.874,339.26,341.29,339.49,341.49,339.26,341.29
1982,12,30300,1982.9562,340.49,341.32,340.81,341.62,340.49,341.32
1983,1,30331,1983.0411,341.38,341.33,341.83,341.77,341.38,341.33
1983,2,30362,1983.126,342.52,341.84,342.63,341.94,342.52,341.84
1983,3,30390,1983.2027,343.1,341.72,343.5,342.11,343.1,341.72
1983,4,30421,1983.2877,344.94,342.44,344.82,342.3,344.94,342.44
1983,5,30451,1983.3699,345.76,342.71,345.54,342.49,345.76,342.71
1983,6,30482,1983.4548,345.32,343.01,344.97,342.68,345.32,343.01
1983,7,30512,1983.537,343.98,343.25,343.56,342.86,343.98,343.25
1983,8,30543,1983.6219,342.38,343.75,341.62,343.03,342.38,343.75
1983,9,30574,1983.7068,339.87,343,340.03,343.19,339.87,343
1983,10,30604,1983.789,339.99,343.24,340.1,343.33,339.99,343.24
1983,11,30635,1983.874,341.15,343.19,341.47,343.48,341.15,343.19
1983,12,30665,1983.9562,342.99,343.82,342.8,343.62,342.99,343.82
1984,1,30696,1984.041,343.7,343.65,343.81,343.75,343.7,343.65
1984,2,30727,1984.1257,344.5,343.83,344.58,343.89,344.5,343.83
1984,3,30756,1984.2049,345.28,343.87,345.43,344.01,345.28,343.87
1984,4,30787,1984.2896,347.05,344.52,346.69,344.14,347.05,344.52
1984,5,30817,1984.3716,347.43,344.38,347.31,344.26,347.43,344.38
1984,6,30848,1984.4563,346.8,344.51,346.65,344.38,346.8,344.51
1984,7,30878,1984.5383,345.39,344.69,345.17,344.5,345.39,344.69
1984,8,30909,1984.623,343.28,344.68,343.18,344.62,343.28,344.68
1984,9,30940,1984.7077,341.07,344.23,341.56,344.74,341.07,344.23
1984,10,30970,1984.7896,341.35,344.6,341.62,344.86,341.35,344.6
1984,11,31001,1984.8743,342.98,345.01,342.98,344.99,342.98,345.01
1984,12,31031,1984.9563,344.22,345.05,344.3,345.12,344.22,345.05
1985,1,31062,1985.0411,344.97,344.92,345.31,345.25,344.97,344.92
1985,2,31093,1985.126,345.99,345.31,346.08,345.38,345.99,345.31
1985,3,31121,1985.2027,347.42,346.04,346.9,345.5,347.42,346.04
1985,4,31152,1985.2877,348.35,345.83,348.15,345.62,348.35,345.83
1985,5,31182,1985.3699,348.93,345.86,348.79,345.73,348.93,345.86
1985,6,31213,1985.4548,348.25,345.93,348.13,345.83,348.25,345.93
1985,7,31243,1985.537,346.56,345.82,346.63,345.92,346.56,345.82
1985,8,31274,1985.6219,344.67,346.06,344.6,346.01,344.67,346.06
1985,9,31305,1985.7068,343.09,346.24,342.93,346.1,343.09,346.24
1985,10,31335,1985.789,342.8,346.07,342.93,346.19,342.8,346.07
1985,11,31366,1985.874,344.24,346.29,344.25,346.28,344.24,346.29
1985,12,31396,1985.9562,345.56,346.39,345.55,346.37,345.56,346.39
1986,1,31427,1986.0411,346.3,346.25,346.53,346.47,346.3,346.25
1986,2,31458,1986.126,346.95,346.27,347.27,346.58,346.95,346.27
1986,3,31486,1986.2027,347.85,346.46,348.09,346.68,347.85,346.46
1986,4,31517,1986.2877,349.55,347.03,349.35,346.81,349.55,347.03
1986,5,31547,1986.3699,350.22,347.14,350.01,346.93,350.22,347.14
1986,6,31578,1986.4548,349.55,347.23,349.36,347.06,349.55,347.23
1986,7,31608,1986.537,347.94,347.2,347.89,347.18,347.94,347.2
1986,8,31639,1986.6219,345.9,347.29,345.89,347.31,345.9,347.29
1986,9,31670,1986.7068,344.85,348.02,344.25,347.44,344.85,348.02
1986,10,31700,1986.789,344.17,347.45,344.29,347.56,344.17,347.45
1986,11,31731,1986.874,345.66,347.71,345.66,347.69,345.66,347.71
1986,12,31761,1986.9562,346.9,347.74,347,347.82,346.9,347.74
1987,1,31792,1987.0411,348.02,347.98,348.03,347.97,348.02,347.98
1987,2,31823,1987.126,348.48,347.79,348.83,348.13,348.48,347.79
1987,3,31851,1987.2027,349.42,348.02,349.69,348.28,349.42,348.02
1987,4,31882,1987.2877,350.98,348.45,351.01,348.47,350.98,348.45
1987,5,31912,1987.3699,351.85,348.76,351.74,348.65,351.85,348.76
1987,6,31943,1987.4548,351.26,348.92,351.17,348.86,351.26,348.92
1987,7,31973,1987.537,349.51,348.77,349.77,349.06,349.51,348.77
1987,8,32004,1987.6219,348.1,349.49,347.85,349.27,348.1,349.49
1987,9,32035,1987.7068,346.45,349.62,346.3,349.5,346.45,349.62
1987,10,32065,1987.789,346.36,349.65,346.43,349.71,346.36,349.65
1987,11,32096,1987.874,347.81,349.87,347.9,349.94,347.81,349.87
1987,12,32126,1987.9562,348.96,349.81,349.33,350.16,348.96,349.81
1988,1,32157,1988.041,350.43,350.39,350.44,350.38,350.43,350.39
1988,2,32188,1988.1257,351.73,351.04,351.31,350.61,351.73,351.04
1988,3,32217,1988.2049,352.22,350.79,352.25,350.81,352.22,350.79
1988,4,32248,1988.2896,353.59,351.02,353.6,351.02,353.59,351.02
1988,5,32278,1988.3716,354.22,351.12,354.3,351.21,354.22,351.12
1988,6,32309,1988.4563,353.8,351.48,353.69,351.4,353.8,351.48
1988,7,32339,1988.5383,352.38,351.66,352.25,351.57,352.38,351.66
1988,8,32370,1988.623,350.43,351.85,350.28,351.73,350.43,351.85
1988,9,32401,1988.7077,348.73,351.92,348.67,351.89,348.73,351.92
1988,10,32431,1988.7896,348.88,352.18,348.74,352.02,348.88,352.18
1988,11,32462,1988.8743,350.07,352.13,350.12,352.15,350.07,352.13
1988,12,32492,1988.9563,351.34,352.18,351.45,352.27,351.34,352.18
1989,1,32523,1989.0411,352.76,352.71,352.44,352.39,352.76,352.71
1989,2,32554,1989.126,353.07,352.38,353.2,352.49,353.07,352.38
1989,3,32582,1989.2027,353.68,352.27,354.01,352.59,353.68,352.27
1989,4,32613,1989.2877,355.42,352.87,355.26,352.69,355.42,352.87
1989,5,32643,1989.3699,355.67,352.56,355.89,352.79,355.67,352.56
1989,6,32674,1989.4548,355.12,352.77,355.21,352.89,355.12,352.77
1989,7,32704,1989.537,353.9,353.15,353.7,352.98,353.9,353.15
1989,8,32735,1989.6219,351.67,353.07,351.64,353.08,351.67,353.07
1989,9,32766,1989.7068,349.81,353,349.96,353.18,349.81,353
1989,10,32796,1989.789,349.99,353.3,349.97,353.27,349.99,353.3
1989,11,32827,1989.874,351.3,353.37,351.32,353.37,351.3,353.37
1989,12,32857,1989.9562,352.52,353.37,352.64,353.47,352.52,353.37
1990,1,32888,1990.0411,353.66,353.62,353.63,353.57,353.66,353.62
1990,2,32919,1990.126,354.7,354,354.38,353.68,354.7,354
1990,3,32947,1990.2027,355.38,353.98,355.19,353.77,355.38,353.98
1990,4,32978,1990.2877,356.2,353.64,356.45,353.87,356.2,353.64
1990,5,33008,1990.3699,357.16,354.04,357.09,353.98,357.16,354.04
1990,6,33039,1990.4548,356.23,353.87,356.43,354.09,356.23,353.87
1990,7,33069,1990.537,354.81,354.06,354.93,354.21,354.81,354.06
1990,8,33100,1990.6219,352.91,354.31,352.9,354.34,352.91,354.31
1990,9,33131,1990.7068,350.96,354.17,351.26,354.48,350.96,354.17
1990,10,33161,1990.789,351.18,354.5,351.31,354.62,351.18,354.5
1990,11,33192,1990.874,352.83,354.91,352.72,354.77,352.83,354.91
1990,12,33222,1990.9562,354.21,355.06,354.09,354.92,354.21,355.06
1991,1,33253,1991.0411,354.72,354.68,355.13,355.07,354.72,354.68
1991,2,33284,1991.126,355.75,355.05,355.92,355.21,355.75,355.05
1991,3,33312,1991.2027,357.16,355.74,356.76,355.33,357.16,355.74
1991,4,33343,1991.2877,358.6,356.03,358.03,355.44,358.6,356.03
1991,5,33373,1991.3699,359.34,356.21,358.66,355.54,359.34,356.21
1991,6,33404,1991.4548,358.24,355.88,357.96,355.61,358.24,355.88
1991,7,33434,1991.537,356.17,355.42,356.4,355.68,356.17,355.42
1991,8,33465,1991.6219,354.01,355.42,354.29,355.74,354.01,355.42
1991,9,33496,1991.7068,352.15,355.37,352.56,355.8,352.15,355.37
1991,10,33526,1991.789,352.21,355.55,352.54,355.86,352.21,355.55
1991,11,33557,1991.874,353.75,355.83,353.86,355.92,353.75,355.83
1991,12,33587,1991.9562,354.99,355.84,355.15,355.99,354.99,355.84
1992,1,33618,1992.041,355.99,355.94,356.12,356.06,355.99,355.94
1992,2,33649,1992.1257,356.72,356.02,356.84,356.13,356.72,356.02
1992,3,33678,1992.2049,357.81,356.36,357.65,356.19,357.81,356.36
1992,4,33709,1992.2896,359.15,356.55,358.87,356.26,359.15,356.55
1992,5,33739,1992.3716,359.66,356.53,359.44,356.31,359.66,356.53
1992,6,33770,1992.4563,359.25,356.9,358.68,356.35,359.25,356.9
1992,7,33800,1992.5383,357.02,356.3,357.08,356.39,357.02,356.3
1992,8,33831,1992.623,355,356.44,354.95,356.42,355,356.44
1992,9,33862,1992.7077,353.01,356.25,353.2,356.45,353.01,356.25
1992,10,33892,1992.7896,353.31,356.64,353.16,356.49,353.31,356.64
1992,11,33923,1992.8743,354.16,356.25,354.46,356.52,354.16,356.25
1992,12,33953,1992.9563,355.4,356.25,355.73,356.57,355.4,356.25
1993,1,33984,1993.0411,356.7,356.66,356.68,356.62,356.7,356.66
1993,2,34015,1993.126,357.17,356.46,357.39,356.68,357.17,356.46
1993,3,34043,1993.2027,358.38,356.95,358.18,356.74,358.38,356.95
1993,4,34074,1993.2877,359.46,356.88,359.42,356.82,359.46,356.88
1993,5,34104,1993.3699,360.28,357.13,360.04,356.9,360.28,357.13
1993,6,34135,1993.4548,359.6,357.21,359.35,356.99,359.6,357.21
1993,7,34165,1993.537,357.57,356.81,357.81,357.08,357.57,356.81
1993,8,34196,1993.6219,355.52,356.94,355.74,357.2,355.52,356.94
1993,9,34227,1993.7068,353.69,356.93,354.07,357.32,353.69,356.93
1993,10,34257,1993.789,353.99,357.34,354.12,357.46,353.99,357.34
1993,11,34288,1993.874,355.34,357.44,355.54,357.61,355.34,357.44
1993,12,34318,1993.9562,356.8,357.66,356.93,357.77,356.8,357.66
1994,1,34349,1994.0411,358.37,358.32,358,357.94,358.37,358.32
1994,2,34380,1994.126,358.91,358.21,358.82,358.1,358.91,358.21
1994,3,34408,1994.2027,359.97,358.54,359.7,358.26,359.97,358.54
1994,4,34439,1994.2877,361.26,358.67,361.03,358.42,361.26,358.67
1994,5,34469,1994.3699,361.69,358.53,361.74,358.58,361.69,358.53
1994,6,34500,1994.4548,360.94,358.56,361.12,358.75,360.94,358.56
1994,7,34530,1994.537,359.55,358.79,359.64,358.91,359.55,358.79
1994,8,34561,1994.6219,357.48,358.9,357.63,359.09,357.48,358.9
1994,9,34592,1994.7068,355.84,359.09,356,359.26,355.84,359.09
1994,10,34622,1994.789,356,359.36,356.09,359.44,356,359.36
1994,11,34653,1994.874,357.58,359.69,357.54,359.62,357.58,359.69
1994,12,34683,1994.9562,359.04,359.9,358.96,359.8,359.04,359.9
1995,1,34714,1995.0411,359.97,359.92,360.05,359.99,359.97,359.92
1995,2,34745,1995.126,361,360.3,360.88,360.17,361,360.3
1995,3,34773,1995.2027,361.63,360.2,361.77,360.33,361.63,360.2
1995,4,34804,1995.2877,363.45,360.85,363.11,360.5,363.45,360.85
1995,5,34834,1995.3699,363.8,360.63,363.83,360.66,363.8,360.63
1995,6,34865,1995.4548,363.26,360.87,363.2,360.83,363.26,360.87
1995,7,34895,1995.537,361.89,361.13,361.71,360.98,361.89,361.13
1995,8,34926,1995.6219,359.45,360.88,359.68,361.15,359.45,360.88
1995,9,34957,1995.7068,358.05,361.31,358.03,361.31,358.05,361.31
1995,10,34987,1995.789,357.75,361.13,358.1,361.46,357.75,361.13
1995,11,35018,1995.874,359.56,361.68,359.53,361.62,359.56,361.68
1995,12,35048,1995.9562,360.7,361.56,360.93,361.78,360.7,361.56
1996,1,35079,1996.041,362.05,362,361.99,361.93,362.05,362
1996,2,35110,1996.1257,363.24,362.54,362.79,362.08,363.24,362.54
1996,3,35139,1996.2049,364.02,362.56,363.68,362.2,364.02,362.56
1996,4,35170,1996.2896,364.71,362.08,364.98,362.33,364.71,362.08
1996,5,35200,1996.3716,365.42,362.24,365.62,362.44,365.42,362.24
1996,6,35231,1996.4563,364.97,362.59,364.91,362.55,364.97,362.59
1996,7,35261,1996.5383,363.65,362.91,363.35,362.65,363.65,362.91
1996,8,35292,1996.623,361.48,362.94,361.25,362.74,361.48,362.94
1996,9,35323,1996.7077,359.45,362.73,359.53,362.83,359.45,362.73
1996,10,35353,1996.7896,359.61,362.99,359.54,362.91,359.61,362.99
1996,11,35384,1996.8743,360.76,362.87,360.89,362.98,360.76,362.87
1996,12,35414,1996.9563,362.33,363.19,362.21,363.06,362.33,363.19
1997,1,35445,1997.0411,363.19,363.14,363.2,363.14,363.19,363.14
1997,2,35476,1997.126,363.99,363.28,363.95,363.23,363.99,363.28
1997,3,35504,1997.2027,364.56,363.12,364.77,363.31,364.56,363.12
1997,4,35535,1997.2877,366.36,363.74,366.05,363.42,366.36,363.74
1997,5,35565,1997.3699,366.8,363.61,366.72,363.53,366.8,363.61
1997,6,35596,1997.4548,365.63,363.22,366.06,363.67,365.63,363.22
1997,7,35626,1997.537,364.47,363.7,364.55,363.82,364.47,363.7
1997,8,35657,1997.6219,362.5,363.94,362.52,364,362.5,363.94
1997,9,35688,1997.7068,360.19,363.47,360.9,364.2,360.19,363.47
1997,10,35718,1997.789,360.78,364.17,361.03,364.41,360.78,364.17
1997,11,35749,1997.874,362.43,364.56,362.55,364.66,362.43,364.56
1997,12,35779,1997.9562,364.28,365.14,364.06,364.91,364.28,365.14
1998,1,35810,1998.0411,365.33,365.28,365.24,365.18,365.33,365.28
1998,2,35841,1998.126,366.15,365.44,366.17,365.45,366.15,365.44
1998,3,35869,1998.2027,367.31,365.87,367.16,365.7,367.31,365.87
1998,4,35900,1998.2877,368.61,365.99,368.62,365.98,368.61,365.99
1998,5,35930,1998.3699,369.3,366.11,369.43,366.24,369.3,366.11
1998,6,35961,1998.4548,368.88,366.46,368.9,366.5,368.88,366.46
1998,7,35991,1998.537,367.64,366.87,367.48,366.74,367.64,366.87
1998,8,36022,1998.6219,365.78,367.22,365.5,366.98,365.78,367.22
1998,9,36053,1998.7068,363.9,367.19,363.89,367.2,363.9,367.19
1998,10,36083,1998.789,364.23,367.64,363.99,367.39,364.23,367.64
1998,11,36114,1998.874,365.46,367.59,365.45,367.56,365.46,367.59
1998,12,36144,1998.9562,366.97,367.84,366.86,367.71,366.97,367.84
1999,1,36175,1999.0411,368.15,368.1,367.91,367.85,368.15,368.1
1999,2,36206,1999.126,368.87,368.16,368.68,367.96,368.87,368.16
1999,3,36234,1999.2027,369.59,368.14,369.51,368.04,369.59,368.14
1999,4,36265,1999.2877,371.14,368.51,370.77,368.13,371.14,368.51
1999,5,36295,1999.3699,371,367.8,371.4,368.19,371,367.8
1999,6,36326,1999.4548,370.35,367.93,370.67,368.26,370.35,367.93
1999,7,36356,1999.537,369.27,368.49,369.07,368.33,369.27,368.49
1999,8,36387,1999.6219,366.93,368.37,366.92,368.4,366.93,368.37
1999,9,36418,1999.7068,364.64,367.94,365.16,368.47,364.64,367.94
1999,10,36448,1999.789,365.13,368.55,365.15,368.55,365.13,368.55
1999,11,36479,1999.874,366.68,368.81,366.52,368.64,366.68,368.81
1999,12,36509,1999.9562,368,368.88,367.87,368.72,368,368.88
2000,1,36540,2000.041,369.14,369.09,368.87,368.81,369.14,369.09
2000,2,36571,2000.1257,369.46,368.75,369.63,368.91,369.46,368.75
2000,3,36600,2000.2049,370.51,369.03,370.5,369,370.51,369.03
2000,4,36631,2000.2896,371.66,369,371.8,369.11,371.66,369
2000,5,36661,2000.3716,371.83,368.61,372.44,369.23,371.83,368.61
2000,6,36692,2000.4563,371.69,369.28,371.75,369.36,371.69,369.28
2000,7,36722,2000.5383,370.12,369.37,370.21,369.49,370.12,369.37
2000,8,36753,2000.623,368.12,369.6,368.12,369.64,368.12,369.6
2000,9,36784,2000.7077,366.62,369.94,366.45,369.79,366.62,369.94
2000,10,36814,2000.7896,366.73,370.15,366.52,369.93,366.73,370.15
2000,11,36845,2000.8743,368.29,370.43,367.95,370.07,368.29,370.43
2000,12,36875,2000.9563,369.52,370.4,369.34,370.2,369.52,370.4
2001,1,36906,2001.0411,370.28,370.23,370.38,370.32,370.28,370.23
2001,2,36937,2001.126,371.5,370.78,371.17,370.44,371.5,370.78
2001,3,36965,2001.2027,372.12,370.66,372.03,370.55,372.12,370.66
2001,4,36996,2001.2877,372.86,370.21,373.33,370.67,372.86,370.21
2001,5,37026,2001.3699,374.02,370.79,374.01,370.79,374.02,370.79
2001,6,37057,2001.4548,373.31,370.87,373.34,370.92,373.31,370.87
2001,7,37087,2001.537,371.62,370.84,371.79,371.05,371.62,370.84
2001,8,37118,2001.6219,369.55,371,369.7,371.2,369.55,371
2001,9,37149,2001.7068,367.96,371.28,368.01,371.35,367.96,371.28
2001,10,37179,2001.789,368.09,371.53,368.08,371.5,368.09,371.53
2001,11,37210,2001.874,369.68,371.83,369.54,371.67,369.68,371.83
2001,12,37240,2001.9562,371.24,372.12,370.97,371.83,371.24,372.12
2002,1,37271,2002.0411,372.44,372.39,372.06,372,372.44,372.39
2002,2,37302,2002.126,373.08,372.36,372.9,372.17,373.08,372.36
2002,3,37330,2002.2027,373.52,372.05,373.81,372.33,373.52,372.05
2002,4,37361,2002.2877,374.85,372.2,375.19,372.52,374.85,372.2
2002,5,37391,2002.3699,375.55,372.31,375.94,372.71,375.55,372.31
2002,6,37422,2002.4548,375.4,372.95,375.35,372.92,375.4,372.95
2002,7,37452,2002.537,374.02,373.24,373.88,373.13,374.02,373.24
2002,8,37483,2002.6219,371.48,372.94,371.86,373.36,371.48,372.94
2002,9,37514,2002.7068,370.7,374.03,370.24,373.59,370.7,374.03
2002,10,37544,2002.789,370.25,373.7,370.38,373.82,370.25,373.7
2002,11,37575,2002.874,372.08,374.24,371.92,374.05,372.08,374.24
2002,12,37605,2002.9562,373.78,374.66,373.41,374.28,373.78,374.66
2003,1,37636,2003.0411,374.68,374.63,374.56,374.5,374.68,374.63
2003,2,37667,2003.126,375.62,374.9,375.45,374.72,375.62,374.9
2003,3,37695,2003.2027,376.11,374.64,376.4,374.91,376.11,374.64
2003,4,37726,2003.2877,377.65,374.99,377.81,375.12,377.65,374.99
2003,5,37756,2003.3699,378.35,375.11,378.57,375.33,378.35,375.11
2003,6,37787,2003.4548,378.13,375.67,377.96,375.53,378.13,375.67
2003,7,37817,2003.537,376.6,375.82,376.47,375.72,376.6,375.82
2003,8,37848,2003.6219,374.48,375.95,374.41,375.91,374.48,375.95
2003,9,37879,2003.7068,372.98,376.32,372.73,376.09,372.98,376.32
2003,10,37909,2003.789,373,376.46,372.81,376.26,373,376.46
2003,11,37940,2003.874,374.35,376.51,374.28,376.42,374.35,376.51
2003,12,37970,2003.9562,375.69,376.57,375.7,376.56,375.69,376.57
2004,1,38001,2004.041,376.79,376.74,376.76,376.7,376.79,376.74
2004,2,38032,2004.1257,377.37,376.64,377.57,376.84,377.37,376.64
2004,3,38061,2004.2049,378.39,376.89,378.47,376.95,378.39,376.89
2004,4,38092,2004.2896,380.5,377.8,379.79,377.07,380.5,377.8
2004,5,38122,2004.3716,380.62,377.36,380.44,377.19,380.62,377.36
2004,6,38153,2004.4563,379.55,377.11,379.72,377.3,379.55,377.11
2004,7,38183,2004.5383,377.76,377.01,378.14,377.42,377.76,377.01
2004,8,38214,2004.623,375.83,377.33,376.03,377.56,375.83,377.33
2004,9,38245,2004.7077,374.05,377.41,374.33,377.71,374.05,377.41
2004,10,38275,2004.7896,374.22,377.69,374.42,377.87,374.22,377.69
2004,11,38306,2004.8743,375.84,378.01,375.91,378.05,375.84,378.01
2004,12,38336,2004.9563,377.44,378.33,377.37,378.24,377.44,378.33
2005,1,38367,2005.0411,378.34,378.29,378.5,378.44,378.34,378.29
2005,2,38398,2005.126,379.61,378.88,379.39,378.65,379.61,378.88
2005,3,38426,2005.2027,380.08,378.61,380.34,378.85,380.08,378.61
2005,4,38457,2005.2877,382.05,379.37,381.77,379.07,382.05,379.37
2005,5,38487,2005.3699,382.24,378.97,382.55,379.28,382.24,378.97
2005,6,38518,2005.4548,382.08,379.61,381.95,379.5,382.08,379.61
2005,7,38548,2005.537,380.66,379.88,380.47,379.72,380.66,379.88
2005,8,38579,2005.6219,378.67,380.14,378.42,379.93,378.67,380.14
2005,9,38610,2005.7068,376.42,379.78,376.76,380.14,376.42,379.78
2005,10,38640,2005.789,376.8,380.28,376.87,380.34,376.8,380.28
2005,11,38671,2005.874,378.31,380.49,378.38,380.54,378.31,380.49
2005,12,38701,2005.9562,379.96,380.85,379.85,380.72,379.96,380.85
2006,1,38732,2006.0411,381.37,381.32,380.97,380.91,381.37,381.32
2006,2,38763,2006.126,382.02,381.29,381.82,381.08,382.02,381.29
2006,3,38791,2006.2027,382.56,381.08,382.72,381.23,382.56,381.08
2006,4,38822,2006.2877,384.36,381.68,384.09,381.38,384.36,381.68
2006,5,38852,2006.3699,384.92,381.64,384.8,381.53,384.92,381.64
2006,6,38883,2006.4548,384.03,381.55,384.13,381.67,384.03,381.55
2006,7,38913,2006.537,382.28,381.49,382.57,381.82,382.28,381.49
2006,8,38944,2006.6219,380.48,381.95,380.45,381.97,380.48,381.95
2006,9,38975,2006.7068,378.81,382.18,378.72,382.11,378.81,382.18
2006,10,39005,2006.789,379.06,382.55,378.78,382.26,379.06,382.55
2006,11,39036,2006.874,380.14,382.33,380.25,382.41,380.14,382.33
2006,12,39066,2006.9562,381.66,382.55,381.68,382.56,381.66,382.55
2007,1,39097,2007.0411,382.58,382.53,382.77,382.71,382.58,382.53
2007,2,39128,2007.126,383.71,382.98,383.61,382.86,383.71,382.98
2007,3,39156,2007.2027,384.34,382.85,384.51,383.01,384.34,382.85
2007,4,39187,2007.2877,386.23,383.53,385.88,383.16,386.23,383.53
2007,5,39217,2007.3699,386.41,383.13,386.61,383.32,386.41,383.13
2007,6,39248,2007.4548,385.87,383.39,385.95,383.48,385.87,383.39
2007,7,39278,2007.537,384.44,383.65,384.4,383.64,384.44,383.65
2007,8,39309,2007.6219,381.84,383.32,382.29,383.81,381.84,383.32
2007,9,39340,2007.7068,380.86,384.25,380.57,383.97,380.86,384.25
2007,10,39370,2007.789,380.86,384.36,380.64,384.13,380.86,384.36
2007,11,39401,2007.874,382.36,384.55,382.12,384.28,382.36,384.55
2007,12,39431,2007.9562,383.61,384.51,383.55,384.43,383.61,384.51
2008,1,39462,2008.041,385.07,385.02,384.64,384.58,385.07,385.02
2008,2,39493,2008.1257,385.84,385.11,385.46,384.72,385.84,385.11
2008,3,39522,2008.2049,385.83,384.31,386.4,384.86,385.83,384.31
2008,4,39553,2008.2896,386.77,384.04,387.76,385.01,386.77,384.04
2008,5,39583,2008.3716,388.51,385.22,388.46,385.17,388.51,385.22
2008,6,39614,2008.4563,388.05,385.58,387.78,385.34,388.05,385.58
2008,7,39644,2008.5383,386.25,385.49,386.23,385.5,386.25,385.49
2008,8,39675,2008.623,384.08,385.6,384.12,385.67,384.08,385.6
2008,9,39706,2008.7077,383.09,386.49,382.42,385.84,383.09,386.49
2008,10,39736,2008.7896,382.78,386.28,382.5,386,382.78,386.28
2008,11,39767,2008.8743,384.01,386.2,383.99,386.16,384.01,386.2
2008,12,39797,2008.9563,385.11,386.01,385.43,386.3,385.11,386.01
2009,1,39828,2009.0411,386.65,386.61,386.52,386.46,386.65,386.61
2009,2,39859,2009.126,387.12,386.39,387.37,386.62,387.12,386.39
2009,3,39887,2009.2027,388.52,387.02,388.27,386.76,388.52,387.02
2009,4,39918,2009.2877,389.57,386.86,389.66,386.93,389.57,386.86
2009,5,39948,2009.3699,390.17,386.86,390.4,387.09,390.17,386.86
2009,6,39979,2009.4548,389.62,387.12,389.75,387.28,389.62,387.12
2009,7,40009,2009.537,388.07,387.27,388.22,387.46,388.07,387.27
2009,8,40040,2009.6219,386.08,387.57,386.14,387.66,386.08,387.57
2009,9,40071,2009.7068,384.65,388.06,384.45,387.87,384.65,388.06
2009,10,40101,2009.789,384.33,387.85,384.57,388.08,384.33,387.85
2009,11,40132,2009.874,386.05,388.25,386.13,388.31,386.05,388.25
2009,12,40162,2009.9562,387.49,388.39,387.64,388.53,387.49,388.39
2010,1,40193,2010.0411,388.55,388.5,388.82,388.76,388.55,388.5
2010,2,40224,2010.126,390.08,389.34,389.73,388.98,390.08,389.34
2010,3,40252,2010.2027,391.01,389.51,390.69,389.17,391.01,389.51
2010,4,40283,2010.2877,392.38,389.66,392.12,389.38,392.38,389.66
2010,5,40313,2010.3699,393.22,389.9,392.89,389.57,393.22,389.9
2010,6,40344,2010.4548,392.24,389.73,392.24,389.76,392.24,389.73
2010,7,40374,2010.537,390.33,389.53,390.69,389.93,390.33,389.53
2010,8,40405,2010.6219,388.52,390.01,388.57,390.1,388.52,390.01
2010,9,40436,2010.7068,386.84,390.25,386.84,390.27,386.84,390.25
2010,10,40466,2010.789,387.16,390.7,386.9,390.42,387.16,390.7
2010,11,40497,2010.874,388.67,390.88,388.38,390.57,388.67,390.88
2010,12,40527,2010.9562,389.81,390.71,389.82,390.71,389.81,390.71
2011,1,40558,2011.0411,391.3,391.25,390.9,390.84,391.3,391.25
2011,2,40589,2011.126,391.92,391.18,391.72,390.97,391.92,391.18
2011,3,40617,2011.2027,392.45,390.95,392.61,391.08,392.45,390.95
2011,4,40648,2011.2877,393.37,390.64,393.97,391.22,393.37,390.64
2011,5,40678,2011.3699,394.28,390.96,394.69,391.36,394.28,390.96
2011,6,40709,2011.4548,393.69,391.18,394.01,391.52,393.69,391.18
2011,7,40739,2011.537,392.59,391.79,392.45,391.68,392.59,391.79
2011,8,40770,2011.6219,390.21,391.71,390.32,391.86,390.21,391.71
2011,9,40801,2011.7068,389,392.43,388.6,392.04,389,392.43
2011,10,40831,2011.789,388.93,392.48,388.69,392.22,388.93,392.48
2011,11,40862,2011.874,390.24,392.46,390.21,392.4,390.24,392.46
2011,12,40892,2011.9562,391.8,392.71,391.69,392.58,391.8,392.71
2012,1,40923,2012.041,393.07,393.02,392.82,392.76,393.07,393.02
2012,2,40954,2012.1257,393.35,392.61,393.7,392.95,393.35,392.61
2012,3,40983,2012.2049,394.36,392.82,394.69,393.13,394.36,392.82
2012,4,41014,2012.2896,396.43,393.66,396.11,393.33,396.43,393.66
2012,5,41044,2012.3716,396.87,393.53,396.87,393.53,396.87,393.53
2012,6,41075,2012.4563,395.88,393.38,396.23,393.75,395.88,393.38
2012,7,41105,2012.5383,394.52,393.75,394.71,393.97,394.52,393.75
2012,8,41136,2012.623,392.54,394.07,392.64,394.21,392.54,394.07
2012,9,41167,2012.7077,391.13,394.57,390.98,394.45,391.13,394.57
2012,10,41197,2012.7896,391.01,394.56,391.15,394.68,391.01,394.56
2012,11,41228,2012.8743,392.95,395.17,392.73,394.93,392.95,395.17
2012,12,41258,2012.9563,394.33,395.24,394.27,395.16,394.33,395.24
2013,1,41289,2013.0411,395.61,395.55,395.45,395.39,395.61,395.55
2013,2,41320,2013.126,396.85,396.1,396.37,395.62,396.85,396.1
2013,3,41348,2013.2027,397.26,395.75,397.35,395.82,397.26,395.75
2013,4,41379,2013.2877,398.35,395.61,398.79,396.03,398.35,395.61
2013,5,41409,2013.3699,399.98,396.63,399.58,396.23,399.98,396.63
2013,6,41440,2013.4548,398.87,396.34,398.94,396.43,398.87,396.34
2013,7,41470,2013.537,397.37,396.56,397.4,396.63,397.37,396.56
2013,8,41501,2013.6219,395.41,396.92,395.27,396.82,395.41,396.92
2013,9,41532,2013.7068,393.39,396.84,393.55,397.01,393.39,396.84
2013,10,41562,2013.789,393.7,397.26,393.63,397.19,393.7,397.26
2013,11,41593,2013.874,395.19,397.43,395.16,397.37,395.19,397.43
2013,12,41623,2013.9562,396.82,397.73,396.64,397.54,396.82,397.73
2014,1,41654,2014.0411,397.93,397.87,397.77,397.71,397.93,397.87
2014,2,41685,2014.126,398.1,397.35,398.64,397.88,398.1,397.35
2014,3,41713,2014.2027,399.47,397.95,399.56,398.03,399.47,397.95
2014,4,41744,2014.2877,401.33,398.57,400.97,398.19,401.33,398.57
2014,5,41774,2014.3699,401.88,398.52,401.71,398.35,401.88,398.52
2014,6,41805,2014.4548,401.31,398.77,401.03,398.51,401.31,398.77
2014,7,41835,2014.537,399.07,398.26,399.44,398.67,399.07,398.26
2014,8,41866,2014.6219,397.21,398.72,397.28,398.83,397.21,398.72
2014,9,41897,2014.7068,395.4,398.86,395.52,399,395.4,398.86
2014,10,41927,2014.789,395.65,399.23,395.6,399.16,395.65,399.23
2014,11,41958,2014.874,397.23,399.46,397.12,399.34,397.23,399.46
2014,12,41988,2014.9562,398.79,399.7,398.62,399.51,398.79,399.7
2015,1,42019,2015.0411,399.85,399.8,399.76,399.7,399.85,399.8
2015,2,42050,2015.126,400.31,399.56,400.65,399.89,400.31,399.56
2015,3,42078,2015.2027,401.51,399.99,401.61,400.07,401.51,399.99
2015,4,42109,2015.2877,403.45,400.69,403.05,400.27,403.45,400.69
2015,5,42139,2015.3699,404.1,400.74,403.85,400.49,404.1,400.74
2015,6,42170,2015.4548,402.88,400.33,403.25,400.72,402.88,400.33
2015,7,42200,2015.537,401.61,400.8,401.74,400.97,401.61,400.8
2015,8,42231,2015.6219,399,400.51,399.69,401.24,399,400.51
2015,9,42262,2015.7068,397.5,400.96,398.06,401.54,397.5,400.96
2015,10,42292,2015.789,398.28,401.87,398.27,401.84,398.28,401.87
2015,11,42323,2015.874,400.24,402.49,399.94,402.16,400.24,402.49
2015,12,42353,2015.9562,401.89,402.81,401.58,402.48,401.89,402.81
2016,1,42384,2016.041,402.65,402.6,402.86,402.8,402.65,402.6
2016,2,42415,2016.1257,404.16,403.41,403.87,403.11,404.16,403.41
2016,3,42444,2016.2049,404.85,403.3,404.96,403.38,404.85,403.3
2016,4,42475,2016.2896,407.57,404.77,406.48,403.66,407.57,404.77
2016,5,42505,2016.3716,407.66,404.28,407.29,403.91,407.66,404.28
2016,6,42536,2016.4563,407,404.48,406.66,404.15,407,404.48
2016,7,42566,2016.5383,404.5,403.72,405.12,404.37,404.5,403.72
2016,8,42597,2016.623,402.24,403.79,403.01,404.6,402.24,403.79
2016,9,42628,2016.7077,401.01,404.5,401.31,404.82,401.01,404.5
2016,10,42658,2016.7896,401.5,405.09,401.45,405.03,401.5,405.09
2016,11,42689,2016.8743,403.64,405.88,403.02,405.24,403.64,405.88
2016,12,42719,2016.9563,404.55,405.47,404.53,405.43,404.55,405.47
2017,1,42750,2017.0411,406.07,406.02,405.69,405.62,406.07,406.02
2017,2,42781,2017.126,406.64,405.89,406.57,405.8,406.64,405.89
2017,3,42809,2017.2027,407.05,405.52,407.51,405.96,407.05,405.52
2017,4,42840,2017.2877,408.95,406.17,408.92,406.13,408.95,406.17
2017,5,42870,2017.3699,409.91,406.52,409.67,406.29,409.91,406.52
2017,6,42901,2017.4548,409.12,406.55,408.98,406.45,409.12,406.55
2017,7,42931,2017.537,407.2,406.38,407.38,406.6,407.2,406.38
2017,8,42962,2017.6219,405.24,406.76,405.19,406.76,405.24,406.76
2017,9,42993,2017.7068,403.27,406.75,403.41,406.91,403.27,406.75
2017,10,43023,2017.789,403.64,407.25,403.47,407.06,403.64,407.25
2017,11,43054,2017.874,405.17,407.43,404.98,407.21,405.17,407.43
2017,12,43084,2017.9562,406.75,407.68,406.46,407.36,406.75,407.68
2018,1,43115,2018.0411,408.05,408,407.58,407.51,408.05,408
2018,2,43146,2018.126,408.34,407.59,408.44,407.67,408.34,407.59
2018,3,43174,2018.2027,409.25,407.72,409.37,407.82,409.25,407.72
2018,4,43205,2018.2877,410.3,407.52,410.8,408,410.3,407.52
2018,5,43235,2018.3699,411.3,407.91,411.59,408.19,411.3,407.91
2018,6,43266,2018.4548,410.88,408.31,410.96,408.41,410.88,408.31
2018,7,43296,2018.537,408.9,408.08,409.43,408.65,408.9,408.08
2018,8,43327,2018.6219,407.1,408.63,407.33,408.9,407.1,408.63
2018,9,43358,2018.7068,405.59,409.08,405.66,409.18,405.59,409.08
2018,10,43388,2018.789,405.99,409.61,405.84,409.44,405.99,409.61
2018,11,43419,2018.874,408.12,410.38,407.48,409.72,408.12,410.38
2018,12,43449,2018.9562,409.23,410.15,409.07,409.98,409.23,410.15
2019,1,43480,2019.0411,410.92,410.87,410.3,410.24,410.92,410.87
2019,2,43511,2019.126,411.66,410.9,411.25,410.48,411.66,410.9
2019,3,43539,2019.2027,412,410.46,412.25,410.69,412,410.46
2019,4,43570,2019.2877,413.52,410.72,413.73,410.92,413.52,410.72
2019,5,43600,2019.3699,414.83,411.42,414.54,411.14,414.83,411.42
2019,6,43631,2019.4548,413.96,411.38,413.91,411.36,413.96,411.38
2019,7,43661,2019.537,411.85,411.03,412.36,411.57,411.85,411.03
2019,8,43692,2019.6219,410.08,411.62,410.22,411.79,410.08,411.62
2019,9,43723,2019.7068,408.55,412.06,408.49,412.02,408.55,412.06
2019,10,43753,2019.789,408.43,412.06,408.62,412.23,408.43,412.06
2019,11,43784,2019.874,410.29,412.56,410.21,412.46,410.29,412.56
2019,12,43814,2019.9562,411.85,412.78,411.76,412.67,411.85,412.78
2020,1,43845,2020.041,413.37,413.32,412.95,412.89,413.37,413.32
2020,2,43876,2020.1257,414.09,413.33,413.87,413.1,414.09,413.33
2020,3,43905,2020.2049,414.51,412.94,414.89,413.3,414.51,412.94
2020,4,43936,2020.2896,416.18,413.35,416.35,413.5,416.18,413.35
2020,5,43966,2020.3716,417.16,413.75,-99.99,-99.99,417.16,413.75
